Word,Length,Freq_KF,Freq_HAL,SUBTLWF,POS
abdominal,9,4,850,3.41,JJ
aberrant,8,5,166,0.29,JJ
able,4,216,176528,159.9,JJ
about,5,1815,1307019,3631.49,minor|RB|JJ
above,5,296,177919,48.88,minor|JJ|NN
abyss,5,4,4219,1.76,NN
accelerate,10,5,2368,1.27,VB
accessible,10,5,10758,1.1,JJ
acclaim,7,4,889,0.43,NN|VB
account,7,117,60958,44.71,NN|VB
acetone,7,4,423,0.16,NN
ache,4,4,846,2.49,VB|NN
across,6,282,62336,94.14,minor
action,6,291,77756,61.08,NN
active,6,88,35565,11.45,JJ
actual,6,100,40919,17.33,JJ|NN
adapt,5,5,3389,2.63,VB
addition,8,142,46938,7.75,NN
additional,10,120,56018,5.88,JJ
adept,5,4,1754,0.65,JJ|NN
adhere,6,4,1932,0.57,VB
advent,6,5,1976,0.47,NN
adversary,9,5,735,1.51,NN
affinity,8,5,1254,0.57,NN
after,5,1070,414103,682.59,minor
afternoon,9,106,10525,91.49,NN
again,5,578,249680,792.71,RB
against,7,626,172615,201.73,minor
agenda,6,5,9832,7.31,NN
aging,5,4,2956,2.57,VB|NN
ahead,5,109,25862,198.33,RB|minor
aides,5,4,671,0.63,NN
ailment,7,4,287,0.51,NN
airfield,8,5,498,2.31,NN
alignment,9,4,4132,1.31,NN
alleviate,9,5,1410,0.45,VB
almost,6,432,111601,193.27,RB
alone,5,195,51000,308.53,RB|JJ
along,5,355,92602,182.94,minor
aloof,5,5,368,0.65,JJ
already,7,273,146289,318.55,RB
also,4,1069,782967,206.43,RB
altar,5,5,3404,5.08,NN
although,8,319,109965,42.02,minor|NN
altitude,8,4,3730,3.88,NN
among,5,370,60232,33.9,minor
amount,6,172,61858,24.75,NN|VB
amply,5,4,395,0.35,RB
analysis,8,108,47575,11.04,NN
ancestral,9,5,4085,0.57,JJ
annals,6,4,621,0.65,NN
annual,6,93,23577,7.2,JJ|NN
another,7,683,286263,509.22,minor|NN
answer,6,152,109246,176.2,NN|VB
anthology,9,4,2098,0.27,NN
antipathy,9,4,166,0.08,NN
anyone,6,140,398422,255.25,NN
anything,8,280,214704,907.25,NN
apartment,9,81,8965,83.04,NN
appear,6,118,46487,23.37,VB
applaud,7,5,1303,2.14,VB
appliance,9,5,816,0.8,NN
appraise,8,4,144,0.2,VB
approach,8,123,34189,20.98,NN|VB
arbiter,7,5,519,0.2,NN
Arctic,6,4,1724,1.96,NN|JJ
arduous,7,4,300,0.67,JJ
area,4,323,160430,74.92,NN
arisen,6,4,880,0.22,VB
armor,5,4,13211,7.29,NN
army,4,132,34024,85.69,NN
around,6,561,268131,736.73,minor|RB
arouse,6,5,475,1.22,VB
assent,6,4,478,0.08,NN|VB
asset,5,5,4255,3.78,NN
assistance,10,87,20429,10.94,NN
atmosphere,10,79,10109,9.67,NN
atrophy,7,4,434,0.41,VB
attack,6,105,46040,75.55,NN|VB
attempt,7,95,41637,19.12,NN|VB
attention,9,179,45081,98.67,NN
attitude,8,107,20636,26.08,NN
auction,7,4,70714,8.9,NN|VB
audible,7,4,1360,0.71,JJ
audience,8,115,20905,25.37,NN
audit,5,4,3286,1.12,NN|VB
authority,9,93,23585,21.22,NN
available,9,245,326758,25.94,JJ
average,7,130,61913,16.65,JJ|NN|VB
aviation,8,5,4453,1.43,NN
aware,5,84,37088,35.65,JJ|NN
away,4,456,150815,730.9,RB|minor
awesome,7,4,8401,31.37,JJ
awhile,6,4,7861,9.47,RB
axle,4,5,1741,1.24,NN
back,4,967,393090,2009.16,RB|JJ|NN|VB
backbone,8,4,4126,1.65,NN
backlog,7,5,608,0.33,NN
badge,5,5,2039,15.25,NN
baggage,7,4,1875,6.24,NN
balance,7,90,22511,14.98,NN|VB
balcony,7,5,1083,7.31,NN
bald,4,5,2764,9.73,JJ
bale,4,5,557,2.04,NN
ball,4,110,38502,104.96,NN
banana,6,4,2879,10.73,NN
bandage,7,4,331,2.86,NN
banish,6,4,315,1.35,VB
banister,8,5,119,1.31,NN
bank,4,83,39506,84.98,NN|VB
bankrupt,8,5,2265,2.8,JJ|NN|VB
bar,3,82,31561,85.98,NN|VB
baritone,8,5,637,0.41,NN
base,4,91,59143,35.37,NN|VB
basic,5,171,73227,15.57,JJ|NN
basis,5,184,48314,11.94,NN
batch,5,5,10263,4.16,NN
bathtub,7,4,988,6.1,NN
battle,6,87,28733,42.25,NN|VB
beacon,6,5,1778,3.86,NN
beadle,6,4,28,0.02,NN
bean,4,5,3575,6.84,NN
beautiful,9,127,31342,279.73,JJ
because,7,883,503563,1071.02,minor
become,6,361,93420,115.57,VB
bedtime,7,4,1245,6.2,NN
been,4,2472,735347,1736.73,VB
beep,4,4,2303,6.51,NN|VB
before,6,1016,344936,794.14,minor|RB|NN
began,5,312,40481,32.51,VB
begin,5,84,60828,56.98,VB|NN
behavior,8,96,29913,22.39,NN
behind,6,258,64875,187.86,minor|NN
being,5,712,362268,485.9,VB|NN
believe,7,200,208406,625.14,VB
bellow,6,4,290,0.45,VB|NN
below,5,145,90658,28.04,minor|NN
benefactor,10,4,210,1.69,NN
beside,6,78,6896,15.18,minor
betray,6,4,771,9.14,VB
better,6,414,284711,794,JJ|RB|NN|VB
between,7,730,230878,175.14,minor|NN
beverage,8,5,1425,2.33,NN
beyond,6,175,43775,43.14,minor|NN
bicycle,7,5,5038,6.61,NN
bill,4,143,116919,118.45,NN|VB
bind,4,4,6800,3.35,NN|VB
black,5,203,160756,167.94,JJ|NN|VB
blood,5,121,51801,186.12,NN
blower,6,4,536,0.33,NN
blue,4,143,89005,102.39,JJ|NN
board,5,239,79617,64.16,NN|VB
body,4,276,116235,195.53,NN
book,4,193,190905,176.98,NN|VB
booze,5,4,962,10.94,NN|VB
boring,6,5,12707,27.41,JJ|NN|VB
born,4,113,35181,83.69,VB|JJ
borough,7,5,446,1.18,NN
both,4,730,296623,295.33,minor
bottom,6,88,43483,49.92,NN|VB|JJ
boyhood,7,5,451,0.61,NN
break,5,88,47766,221.08,VB|NN
breathless,10,5,546,1.08,JJ
bridge,6,98,19356,45.71,NN|VB
bright,6,87,13726,44.41,JJ|NN
bring,5,158,56510,327.16,VB
broad,5,84,12608,14.73,JJ|NN
brown,5,176,42129,60.12,JJ|NN|VB
buckle,6,5,1228,5.04,VB|NN
building,8,160,48370,99.57,NN|VB
built,5,103,39879,41.16,VB
bulge,5,5,1264,0.94,NN|VB
bully,5,4,1379,7.22,NN|VB
bump,4,5,2682,12.35,NN|VB
burglary,8,4,890,3.57,NN
burrow,6,4,258,0.55,NN|VB
business,8,392,156876,321,NN
butler,6,4,3657,9.96,NN
cabbage,7,4,1124,2.9,NN
cadet,5,4,1017,3.45,NN
calamity,8,4,299,2,NN
calculate,9,4,5720,2.08,VB
call,4,188,241962,861.39,VB|NN
came,4,622,115002,463.73,VB
campaign,8,81,24070,16.78,NN|VB
cannot,6,258,108318,126.76,VB
capacity,8,83,16207,8.1,NN
capital,7,85,24646,12.71,NN
captain,7,85,21156,208.27,NN|VB
captive,7,5,2136,2.27,JJ|NN
cardboard,9,5,3370,2.71,NN
care,4,162,104469,485.25,NN|VB
carpentry,9,4,200,0.45,NN
carry,5,88,36637,65.9,VB|NN
cart,4,5,5925,9.04,NN|VB
case,4,362,199506,282.41,NN|VB
cater,5,4,1387,1.25,VB
cattle,6,97,3830,13.22,NN
cause,5,130,79705,310.04,NN|VB
celebrate,9,4,3175,24.86,VB
celery,6,4,732,1.86,NN
cent,4,158,6305,9.47,NN
center,6,224,87347,45.78,NN|VB
central,7,164,42496,24.75,JJ|NN
century,7,207,31984,20.84,NN
certain,7,313,81374,85.37,JJ|RB|NN
chance,6,131,58965,241.24,NN|VB
change,6,240,157119,240.35,NN|VB
chap,4,5,1620,6.35,NN|VB
chaplain,8,5,313,2.27,NN
character,9,118,63731,38.16,NN
charge,6,122,45281,89.39,NN|VB
chauffeur,9,4,236,5.63,NN|VB
check,5,88,170581,278.98,VB|NN
cherish,7,5,661,4.45,VB
chestnut,8,5,1052,1.27,NN
chief,5,119,19007,77.9,JJ|NN
child,5,213,64729,157.65,NN
chisel,6,4,2697,0.88,NN
choice,6,113,65532,97.55,NN
chrome,6,4,2811,1.27,NN
chromium,8,4,4451,0.65,NN|JJ
chronicle,9,5,2130,1.57,NN
chronology,10,5,1501,0.2,NN
chuckle,7,5,1569,1.59,NN|VB
church,6,348,49074,69.67,NN
city,4,393,102007,169.1,NN
civil,5,91,27980,15.94,JJ|NN
claim,5,98,56597,25.39,NN|VB
claret,6,4,62,0.29,NN
clarification,13,5,2736,0.59,NN
clash,5,5,4179,1.33,NN|VB
class,5,207,94260,117.35,NN|VB
clay,4,100,10797,12,NN
clear,5,219,77302,171.82,JJ|VB|RB
clearance,9,4,4849,6.86,NN
cleverly,8,4,919,0.88,RB
climactic,9,4,202,0.22,JJ
close,5,234,84927,219.43,VB
club,4,145,63264,98.78,NN|VB
clump,5,4,454,0.53,NN
coffee,6,78,18382,144.53,NN
coherent,8,5,3753,1.04,JJ
cold,4,171,34854,130.16,JJ|NN
collection,10,84,40166,18.16,NN
college,7,267,77818,85.18,NN|VB
color,5,141,74865,39.43,NN|VB
columnist,9,5,1633,1,NN
come,4,630,232041,3140.98,VB|NN
comedian,8,5,1124,4.1,NN
commission,10,103,20087,13.78,NN|VB
committee,9,168,33738,22.02,NN
common,6,223,97044,44.61,JJ|NN
commune,7,4,523,1.31,NN
communist,9,97,9453,7.57,NN|JJ
community,9,231,58793,29.14,NN
company,7,290,156262,147.2,NN
compassion,10,5,3911,6.25,NN
compel,6,4,1072,1.02,VB
complete,8,181,103017,51.69,JJ|VB
complex,7,91,29781,13.12,JJ
comply,6,5,3028,2.31,VB
comprehend,10,5,2470,1.84,VB
comrade,7,4,813,8.55,NN
concave,7,4,431,0.18,JJ|NN
concept,7,85,30857,10.84,NN
conceptual,10,4,2150,0.24,JJ
concern,7,98,19989,26.12,NN|VB
concur,6,4,1268,1.2,VB
condemn,7,4,2865,2.37,VB
condition,9,91,70143,37.96,NN|VB
conference,10,96,51735,25.41,NN
confuse,7,5,5129,4.76,VB
congress,8,152,42314,8.22,NN
conquer,7,4,3143,4.98,VB
consider,8,127,78623,52.47,VB
constable,9,5,722,2.82,NN
constituent,11,5,963,0.12,NN
continue,8,107,55897,49.55,VB
control,7,223,152951,130.63,NN|VB
convent,7,4,282,3.33,NN
converse,8,5,1252,1.29,VB
convince,8,4,12075,18.73,VB
coolant,7,4,1023,0.69,NN
coolly,6,5,104,0.12,RB
coordinator,11,5,7492,1.59,NN
corner,6,115,23080,52.53,NN|VB
coroner,7,5,269,8.98,NN
corporal,8,4,778,15.73,NN
corral,6,5,341,2.33,NN|JJ
corrosion,9,4,1390,0.2,NN
cost,4,229,99509,54.92,NN|VB
could,5,1599,544756,1629.59,VB
council,7,103,21497,16.92,NN
counselor,9,4,1876,9.92,NN
counteract,10,4,568,0.47,VB
country,7,324,106711,161.84,NN
county,6,155,24058,33.76,NN
couple,6,122,93448,223.41,NN|JJ|VB
course,6,465,195947,487.22,NN|VB
court,5,230,57767,100.73,NN|VB
courtier,8,5,30,0.06,NN
cover,5,88,64134,94.27,VB|NN
crazily,7,4,100,0.1,RB
creamer,7,4,102,0.71,NN
crib,4,5,1280,6.2,NN|VB
crisis,6,82,13610,16.65,NN
criticize,9,4,3505,2.16,VB
cruiser,7,4,2036,3.18,NN
crumpled,8,4,339,0.53,JJ
current,7,104,152300,17.04,JJ|NN
cursory,7,4,624,0.29,JJ
cute,4,5,11008,87.75,JJ|NN
cynicism,8,4,934,0.9,NN
dale,4,5,9905,9.08,NN
dance,5,90,26125,148.04,NN|VB
dark,4,185,71249,88.61,JJ|NN|RB
data,4,173,203945,25.61,NN
date,4,103,136274,141.53,NN|VB
deacon,6,5,485,2.86,NN
dead,4,174,72864,448.98,JJ|NN|RB
deal,4,142,83766,261.37,NN|VB
dearly,6,4,1204,4.88,RB
deceptive,9,4,1232,0.51,JJ
decision,8,119,36601,55.06,NN
decor,5,4,573,1.02,NN
deep,4,109,42695,76.39,JJ|NN
defense,7,167,31710,32.65,NN
degree,6,125,42088,14.88,NN
delicious,9,4,2481,21.53,JJ
deluge,6,4,718,0.39,NN
demand,6,102,25807,17.12,NN|VB
demise,6,4,2332,1.71,NN
democratic,10,109,14820,3.55,JJ
denote,6,4,979,0.08,VB
denounce,8,5,889,0.86,VB
department,10,225,71480,63.84,NN
derision,8,4,383,0.16,NN
derivation,10,4,880,0.25,NN
descend,7,4,1053,1.92,VB
design,6,114,110689,16.2,NN|VB
designate,9,5,1127,0.61,VB
desire,6,79,23188,20.27,NN|VB
desolation,10,5,342,0.61,NN
despite,7,104,26140,13,minor
despotism,9,5,267,0.06,NN
determine,9,107,25579,8.39,VB
develop,7,89,35652,9.61,VB
developer,9,5,19163,0.9,NN
development,11,334,130333,12.25,NN
devout,6,4,809,0.75,JJ
diagonal,8,4,1275,0.53,JJ|NN
diary,5,4,2683,8.98,NN
different,9,312,223502,209.53,JJ|NN
difficult,9,161,52555,60.16,JJ|NN
diffuse,7,4,734,0.98,JJ
dingy,5,5,220,0.61,JJ
dinner,6,91,13031,202.67,NN
diplomat,8,5,1166,2.14,NN
direct,6,129,54882,24.04,JJ|VB|NN|RB
direction,9,134,30901,24.08,NN
director,8,101,36607,35.96,NN
disapprove,10,4,725,1.14,VB
discern,7,4,1056,0.33,VB
disciple,8,4,1154,1.02,NN
disguise,8,5,2140,7.8,NN|VB
dismay,6,5,987,0.45,NN|VB
dismiss,7,5,3024,5.47,VB
dispense,8,4,675,1.35,VB
disrupt,7,5,1328,1.27,VB
dissent,7,5,941,0.59,NN
distance,8,108,29802,25.61,NN|VB
distort,7,4,1351,0.39,VB
distribution,12,85,41272,3.08,NN
district,8,135,19101,20.94,NN|JJ
divisible,9,4,519,0.08,JJ
division,8,107,35084,18.55,NN
dizzy,5,5,1907,8.43,JJ
docile,6,4,391,0.53,JJ
doctor,6,100,31917,263.94,NN|VB
done,4,320,173968,485.04,VB|NN
donor,5,5,1698,4.08,NN
door,4,312,53813,292.06,NN
doorman,7,4,161,3.18,NN
dormant,7,5,1022,1.16,JJ
dosage,6,4,2028,2,NN
doubt,5,114,48652,62.84,NN|VB
dove,4,4,2713,5.57,NN
down,4,895,293731,1490.27,RB|minor|JJ|NN
drab,4,5,342,0.8,JJ
drink,5,82,19872,247.39,VB|NN
drive,5,105,171708,153.14,NN|VB
drizzle,7,5,283,0.43,NN|VB
drought,7,5,1069,1.37,NN
drugstore,9,5,337,4.29,NN
duel,4,5,1681,2.35,NN
dump,4,4,10072,28.82,VB|NN
during,6,585,137335,75.92,minor|NN|VB
dynamite,8,5,1724,10.1,NN
dynasty,7,5,2344,2.55,NN
each,4,877,303525,253.25,minor
eagle,5,5,6845,11.49,NN
early,5,366,75759,108.04,JJ|RB|NN
earth,5,150,61680,99.49,NN|VB
easel,5,5,226,0.27,NN
easily,6,106,52243,22.57,RB
east,4,183,49098,49.55,NN|JJ|RB
economy,7,79,21828,5.8,NN
edge,4,78,37877,23.51,NN|VB
edible,6,5,982,1.37,JJ
education,9,214,58802,19.53,NN
effect,6,213,67019,23.9,NN|VB
effective,9,129,33590,10.51,JJ|NN
effort,6,145,37651,19.35,NN
eight,5,104,17470,98.24,minor|NN
either,6,284,192195,182.51,minor|RB
electrode,9,5,558,0.29,NN
else,4,176,176434,449.16,RB|JJ|NN
embark,6,5,469,1.25,VB
enemy,5,88,16802,48.51,NN
energy,6,100,58596,32.9,NN
engraved,8,4,657,1.67,VB
enhance,7,5,6695,2.45,VB
enigma,6,4,1995,0.92,NN
enlist,6,5,531,1.57,VB
enough,6,430,191008,501.33,RB|JJ|NN
enrich,6,5,749,0.27,VB
enroll,6,5,1329,0.67,VB
entail,6,5,840,0.57,VB
enter,5,78,36407,29.73,VB
entire,6,149,62545,79.8,JJ|NN
entropy,7,4,3190,0.22,NN
epitaph,7,4,369,0.51,NN
equal,5,90,40062,13.37,JJ|VB|NN
equipment,9,167,51532,25.45,NN
esoteric,8,4,1839,0.37,JJ
especially,10,160,94104,67.22,RB
espionage,9,5,1292,1.71,NN
essential,9,81,16147,4.84,JJ|NN
esteem,6,5,1253,1.69,NN
ethic,5,4,1517,1.04,JJ|NN
even,4,1171,490549,875.92,RB|JJ|NN|VB
evening,7,133,18925,120.69,NN
event,5,81,42825,26.37,NN
ever,4,345,173858,709.22,RB|NN
every,5,491,230149,549.16,minor|NN
everyone,8,94,119257,241.65,NN
everything,10,185,112573,654.88,NN
evidence,8,204,62334,85,NN
evolve,6,5,3336,1.63,VB
example,7,292,139009,29.94,NN
except,6,181,83885,111.69,minor|VB
excise,6,4,448,0.16,NN
exempt,6,5,2644,0.73,JJ|VB
exile,5,4,2654,1.86,NN|VB
expanse,7,5,844,0.22,NN
expect,6,108,60322,103.9,VB
experience,10,276,234638,60.55,NN|VB
explorer,8,4,5911,1.9,NN
expulsion,9,4,826,0.8,NN
extant,6,5,611,0.12,JJ
extent,6,110,14969,4.06,NN
face,4,371,77706,289.16,NN|VB
facilitate,10,5,4173,0.98,VB
fact,4,447,184510,172.57,NN
faction,7,5,1914,1.14,NN
fairway,7,5,413,0.47,NN
fairy,5,4,2344,16.69,JJ|NN
faith,5,111,29740,46.33,NN
falcon,6,4,8268,3.31,NN
fall,4,147,46059,118.51,NN|VB
family,6,331,88710,354.25,NN
famous,6,89,17485,45.02,JJ
farm,4,125,10864,30.04,NN|VB
fast,4,78,77003,137.45,RB|JJ
fasten,6,4,491,3.73,VB
father,6,183,38034,554.49,NN|VB
favor,5,78,19604,70.76,NN|VB
fear,4,127,34537,69.08,NN|VB
federal,7,246,56007,23,JJ|NN
feed,4,123,20084,42.39,NN|VB
feel,4,216,162048,627.24,VB|NN
felicity,8,4,280,16.8,NN
fencing,7,4,3027,1.37,NN|VB
fender,6,4,2584,2.55,NN
fertile,7,5,1394,1.57,JJ
fertilizer,10,4,1231,1.96,NN
fervent,7,5,301,0.35,JJ
fervor,6,4,435,0.29,NN
fiasco,6,4,1354,1.63,NN
fibrous,7,5,218,0.25,JJ
field,5,274,79920,70.2,NN|VB
fight,5,98,40281,201.08,NN|VB
figurative,10,5,246,0.08,JJ
figure,6,209,56510,129.37,NN|VB
file,4,81,311710,44.04,NN|VB
film,4,96,52691,65.25,NN|VB
final,5,156,49025,49.67,JJ
financial,9,86,38129,15.24,JJ
find,4,399,378725,830.96,VB|NN
fine,4,161,111801,598.08,JJ|NN|VB|RB
fire,4,187,62707,215.49,NN|VB
firm,4,109,34530,35.27,NN|JJ
first,5,1360,518924,840.57,JJ|RB|NN
fiscal,6,116,4505,0.76,JJ|NN
fission,7,5,1739,0.31,NN
five,4,286,62706,285.45,minor|NN
flannel,7,4,448,1.37,NN
flask,5,5,809,1.12,NN|VB
flint,5,4,1668,4.35,NN
flip,4,4,5994,14.27,JJ|VB|NN
floor,5,158,35635,100.63,NN|VB
flourish,8,5,924,0.8,VB|NN
fluent,6,5,1891,1.16,JJ
flurry,6,4,721,0.47,NN
follow,6,97,58490,123.2,VB
food,4,147,59724,154.43,NN
forbid,6,4,2766,8.55,VB
force,5,230,75365,70.67,NN|VB
foreign,7,158,42189,22.29,JJ
form,4,370,118268,42.75,NN|VB
former,6,131,37821,18.27,JJ|NN
forward,7,115,58128,72.33,RB|JJ|VB|NN
foul,4,4,4072,14.47,JJ|VB
found,5,536,199981,396,VB|NN
four,4,359,85200,255.78,minor|NN
franchise,9,5,2376,2.37,NN|VB
freak,5,4,4223,36.75,NN|VB
free,4,260,244067,177.53,JJ|NN|VB|RB
freedom,7,128,44824,33.1,NN
freeway,7,5,2422,5.53,NN
freighter,9,4,617,2.14,NN
fresh,5,82,15597,54.51,JJ|NN
friend,6,133,81053,419.29,NN
frigid,6,5,297,1.39,JJ
from,4,4369,1894943,2039.06,minor
front,5,221,77889,181.55,NN|JJ|VB
frustrate,9,4,258,0.27,VB
full,4,230,155605,166.9,JJ|RB
function,8,113,57907,11.08,NN|VB
furrow,6,5,151,0.1,NN|VB
further,7,218,83287,52.75,JJ|RB|VB
fuse,4,5,2292,4.86,NN|JJ
fuss,4,4,1986,7.14,NN|VB
future,6,227,90741,103.49,NN|JJ
gables,6,4,314,0.63,NN
gadget,6,4,1337,2.43,NN
gallant,7,5,481,3.27,JJ|NN
galley,6,4,470,1.61,NN
gallop,6,4,214,0.94,NN|VB
game,4,123,197271,233.84,NN|VB
gardener,8,4,789,4.2,NN
garlic,6,4,4140,6,NN|JJ
garrison,8,5,1708,4.57,NN
gelding,7,4,287,0.41,NN|VB
general,7,497,148204,115.39,JJ|NN
generalize,10,5,1174,0.08,VB
genesis,7,4,9619,2,NN
genetic,7,5,12111,7.55,JJ
genial,6,5,140,0.2,JJ
genteel,7,4,214,0.55,JJ
geography,9,5,3256,2.29,NN
geology,7,5,2725,0.92,NN
girl,4,220,40340,557.12,NN
give,4,391,230878,1167.82,VB
glamor,6,4,79,0.1,NN
glass,5,99,20768,60.71,NN
gleam,5,4,451,0.98,NN|VB
glisten,7,4,79,0.43,VB
glitter,7,5,898,2.04,NN|VB
global,6,4,30247,6.29,JJ
glycerine,9,5,151,0.04,NN
going,5,399,305772,2123.29,VB|NN
good,4,807,628816,2610.14,JJ|NN|RB
goose,5,4,1790,13.04,NN
Gothic,6,4,2762,0.94,JJ|NN
government,10,417,172375,65.24,NN
governor,8,83,6135,26.84,NN
grammar,7,4,6044,2.39,NN
graphite,8,5,1092,0.41,NN
gravy,5,4,916,5.27,NN
gray,4,80,12665,21.12,JJ|NN|VB
great,5,665,260267,820.86,JJ|NN|RB
green,5,116,90773,72.47,JJ|NN|VB
groin,5,4,1297,1.8,NN
ground,6,186,48767,72.47,NN|VB
group,5,390,284243,73.76,NN|VB
growth,6,155,36594,6.45,NN
gruff,5,4,206,0.55,JJ
gully,5,5,215,0.92,NN
gunmen,6,4,506,1.25,NN
gypsy,5,4,1974,6.63,NN
hair,4,148,42603,153.55,NN
half,4,275,71926,199.14,NN|minor|VB
hall,4,152,33443,51.94,NN
hammock,7,5,167,1.39,NN
hamper,6,5,464,1.41,VB|NN
hand,4,431,124848,279.65,NN|VB
happy,5,98,70881,333.2,JJ
hard,4,202,176370,307.84,JJ|RB
hardly,6,106,21524,51.24,RB
harmless,8,5,2854,8.65,JJ|NN
hatch,5,5,2609,12.82,NN|VB
hatchet,7,4,506,1.96,NN
haunt,5,4,954,3.57,VB|NN
have,4,3941,3003873,6161.41,VB|NN
head,4,424,109089,371.51,NN|VB
headline,8,4,1983,2.59,NN
health,6,105,60950,40.27,NN
hear,4,153,90309,555.35,VB|NN
heard,5,247,133757,387.75,VB|NN
heart,5,173,45783,244.18,NN|VB
heartbeat,9,4,1382,5.57,NN
hearth,6,4,419,0.67,NN
heat,4,97,28372,40.08,NN|VB
heavy,5,110,32826,47.29,JJ|NN|RB
held,4,264,58944,42.45,VB
helm,4,4,4959,5.35,NN
help,4,311,335483,921.12,VB|NN
hemorrhage,10,5,205,1.71,NN|VB
here,4,750,477382,4525.25,RB|NN
heroine,7,5,1027,1.45,NN
herself,7,125,19586,52.45,minor
high,4,497,185510,195,JJ|RB|NN
hike,4,4,2398,6.53,VB|NN
himself,7,603,56572,140.55,minor
history,7,286,87544,83.92,NN
hoarse,6,5,212,0.49,JJ
hold,4,169,71050,436.73,VB|NN
holocaust,9,5,6978,1.96,NN
home,4,547,190434,774.33,NN|VB|RB
homecoming,10,4,444,5.59,VB|NN
homeland,8,5,1570,4.78,NN
homemade,8,4,1360,2.86,JJ
hook,4,5,11610,38,NN|VB
hope,4,178,150675,320.63,NN|VB
horse,5,117,23855,92.88,NN|VB
horsepower,10,5,1831,1.22,NN
hospitable,10,4,221,0.82,JJ
hospital,8,110,19468,124.2,NN
hotel,5,126,20364,103.22,NN
hour,4,144,46820,162.29,NN
house,5,591,104153,514,NN
housewife,9,4,726,3.53,NN
hover,5,4,731,1.16,VB
however,7,552,230166,45.08,RB|minor
howl,4,4,3225,2.06,NN|VB
huddle,6,4,213,2.18,NN|VB
human,5,299,180168,124.76,JJ|NN
humane,6,5,1915,1.82,JJ
humanist,8,4,1013,0.08,NN|JJ
humbly,6,4,959,1.86,RB
hundred,7,171,18969,78.73,minor|NN
husband,7,131,19172,194.8,NN|VB
hush,4,4,517,7.61,NN|JJ|VB
hustler,7,4,700,2.96,NN
idea,4,195,133710,359.04,NN|minor
idealist,8,4,606,0.67,NN
idyllic,7,4,183,0.45,JJ
ignition,8,5,2158,4.16,NN
image,5,119,63630,22.63,NN|VB
immaculate,10,5,726,0.78,JJ
immediate,9,81,31523,11.2,JJ
immoral,7,5,4130,2.61,JJ
impair,6,4,441,0.16,VB
imperfect,9,4,1508,0.96,JJ
implement,9,4,15447,1.24,VB
important,9,369,105978,207.59,JJ|NN
impossible,10,84,27164,59.12,JJ
impress,7,4,2612,10.2,VB
imprisoned,10,4,2418,2.06,VB|JJ
incipient,9,4,200,0.08,JJ
incisive,8,4,222,0.16,JJ
incline,7,4,663,0.37,NN
include,7,113,144495,11.14,VB
inclusive,9,4,1996,0.22,JJ
incoherent,10,4,823,0.53,JJ
income,6,109,35824,7.41,NN
increase,8,195,43670,8.55,NN
incubation,10,4,249,0.41,NN
incumbent,9,4,1045,0.67,JJ
indecent,8,5,5749,1.78,JJ
indeed,6,162,43972,40.49,RB
index,5,81,32443,2.08,NN|VB
indicate,8,80,22492,8.33,VB
individual,10,239,65280,11.69,JJ|NN
indoor,6,4,3489,1.33,JJ
industrial,10,143,19750,4.57,JJ
industry,8,171,56926,11.69,NN
inert,5,5,622,0.35,JJ|NN
infamous,8,4,3963,2.24,JJ
infatuation,11,4,235,0.84,NN
infected,8,4,5077,8.27,VB|JJ
inflation,9,5,7076,1.04,NN
inflict,7,4,1204,1.35,VB
influence,9,132,19809,14.78,NN|VB
influx,6,4,895,0.25,NN
information,11,269,467659,89.35,NN
infrequent,10,4,771,0.1,JJ
ingested,8,4,402,0.57,VB
inherit,7,4,1968,3.55,VB
inhumane,8,4,499,0.45,JJ
initiate,8,5,3109,3.33,VB
inlet,5,4,771,0.45,NN
innate,6,4,1198,0.76,JJ
innings,7,4,1935,0.96,NN
inquest,7,5,337,0.8,NN|JJ
inseparable,11,4,324,1,JJ
inside,6,174,63772,211.27,minor|NN|JJ
insides,7,4,978,2.65,NN
instability,11,4,1320,1.02,NN
instance,8,82,26887,16.78,NN
instead,7,173,106318,79.27,RB|NN
integer,7,4,9632,0.14,NN
intellect,9,5,2583,2.14,NN
interest,8,330,90246,50.94,NN|VB
interrupt,9,4,15428,18.73,VB
intervened,10,4,523,0.8,VB
into,4,1791,563310,844.59,minor
intrigue,8,4,747,1.51,VB
intrinsic,9,5,1774,0.2,JJ
invade,6,5,1855,3.06,VB
inverse,7,5,1936,0.27,JJ|NN|VB
invoke,6,4,4729,1,VB
island,6,167,44872,39.57,NN
isle,4,5,2369,1.22,NN
isotonic,8,4,36,0.04,JJ
issue,5,152,117620,34.14,NN|VB
itch,4,5,758,4.18,VB|NN
itself,6,304,76297,39.78,minor|NN
jaguar,6,5,6258,2.37,NN
janitor,7,4,573,5.73,NN
jargon,6,4,1633,0.61,NN
jazz,4,99,13759,11.92,NN
jealous,7,4,3341,38.27,JJ
jeopardy,8,4,1024,3.43,NN
jerky,5,4,1281,2.27,JJ|NN
jockey,6,5,916,4.84,NN
jocular,7,4,60,0.02,JJ
jolly,5,4,1768,7.49,JJ|VB|NN
jolt,4,4,817,1.37,NN|VB
jowls,5,4,50,0.31,NN
joyous,6,5,459,1.35,JJ
jumble,6,4,238,0.31,NN|VB
juncture,8,4,466,0.78,NN
juror,5,4,295,2.57,NN
just,4,872,1020539,4749.14,RB|JJ|NN
justice,7,114,31679,37.45,NN
keep,4,264,183906,702.86,VB|NN
kept,4,186,38548,89.39,VB
keyboard,8,4,35312,1.8,NN|VB
keynote,7,4,1489,0.65,NN|VB|JJ
kind,4,313,131849,590.69,NN
king,4,88,52583,129.25,NN
kitchen,7,90,9720,58.31,NN
kitten,6,5,2238,4.73,NN
knack,5,4,630,2.49,NN
kneel,5,5,733,5.33,VB|NN
knew,4,395,56518,368.96,VB
know,4,683,800100,5721.18,VB|NN
knowledge,9,145,83911,25.53,NN
labor,5,149,18853,12.18,NN|VB
lack,4,110,41016,17.75,NN|VB
lady,4,80,25980,217.08,NN
land,4,217,75075,88.12,NN|VB
language,8,109,97874,35.1,NN
languid,7,4,55,0.2,JJ
lard,4,4,602,1.69,NN
large,5,361,134354,41.45,JJ|RB|NN
last,4,676,291284,723.1,JJ|NN|VB|RB
latch,5,5,1279,1.92,NN
late,4,179,55030,269.73,JJ|RB
later,5,397,108034,291.94,RB|JJ
latitude,8,5,2865,1.59,NN
latter,6,114,17819,1.25,NN
laundry,7,5,2357,19.06,NN
lavender,8,5,594,2.04,JJ|NN
lay,3,139,15006,58.24,VB
lead,4,129,48779,83.25,VB|NN
leadership,10,92,14685,4.88,NN
learn,5,84,71507,118.57,VB
least,5,343,201524,207.76,JJ|RB|NN
leave,5,205,76506,560.71,VB|NN
left,4,480,132017,484.45,VB|NN|JJ
length,6,116,50773,7.02,NN
lethal,6,5,3040,5.67,JJ
letter,6,145,58299,82.61,NN
level,5,213,130029,51.63,NN|VB
liberate,8,4,673,1.16,VB
life,4,715,219561,796.65,NN
lifeboat,8,4,182,1.39,NN
light,5,333,96805,165.2,NN|VB
like,4,1290,1060831,3998.96,minor|VB|NN|JJ
likely,6,151,71675,25.76,JJ|RB
lilac,5,4,251,0.76,JJ
limb,4,5,2127,4.67,NN
limousine,9,4,525,2.82,NN
line,4,298,239804,206.18,NN|VB
lint,4,4,1004,1.33,NN
list,4,133,317096,80.59,NN|VB
literary,8,78,5062,2.55,JJ
literature,10,133,20438,6.39,NN
little,6,831,288496,1446.39,JJ|RB|NN
live,4,177,128442,344.59,VB
local,5,288,139852,41.73,JJ|NN
long,4,755,273917,675.16,JJ|RB|NN|VB
longhorn,8,4,107,0.31,NN
look,4,399,253524,1947.27,VB|NN
looks,5,78,70951,311.49,VB|NN
lord,4,93,38009,138.16,NN|VB
loss,4,86,30002,29.12,NN
lost,4,173,78090,274,VB|JJ|NN
love,4,232,165830,1114.98,NN|VB
lucid,5,4,4178,1.27,JJ
lukewarm,8,5,428,0.47,JJ
lullaby,7,5,260,1.73,NN
lush,4,5,1018,1.18,JJ|NN
lust,4,5,5572,5.57,NN
machine,7,103,121109,70.25,NN|VB
made,4,1125,271084,561.29,VB|NN
maestro,7,4,698,2.98,NN
magician,8,4,1989,7.65,NN
main,4,119,74094,42.73,JJ|NN
major,5,247,100373,104.76,JJ|NN
make,4,794,520909,1387.75,VB|NN
malformed,9,4,252,0.14,JJ
mammoth,7,4,2688,0.78,JJ|NN
manager,7,88,59800,39.96,NN
maneuver,8,5,1634,2.8,NN|VB
maniac,6,4,1337,9.39,NN
manner,6,124,22183,11.53,NN
manor,5,5,1616,3.41,NN
many,4,1030,474923,359.43,JJ|NN|minor
march,5,120,74695,24.02,NN|VB
maritime,8,4,1327,0.73,JJ|NN
mark,4,83,103559,82.02,NN|VB
market,6,155,98850,36.24,NN|VB
marriage,8,95,21299,77.06,NN
marrow,6,5,1039,2.96,NN
marsh,5,4,5131,3.51,NN
mass,4,110,33835,17.25,NN|JJ|VB
material,8,174,59366,22.14,NN|JJ
matter,6,308,110274,370.59,NN|VB
maximum,7,79,22457,7.76,NN
maybe,5,134,166009,926.45,RB|NN
mean,4,199,151693,1243.98,VB|NN
measure,7,91,19777,10.53,NN|VB
mechanic,8,5,2266,5.06,NN|JJ
medical,7,162,53004,54.39,JJ|NN
mediocre,8,5,2673,1.39,JJ
meet,4,148,48215,352.27,VB|NN
melt,4,4,2781,7.31,VB
member,6,137,63948,28.78,NN
menu,4,5,28562,9.96,NN
mesh,4,4,1955,0.69,NN|VB
method,6,142,49828,7.88,NN
methodical,10,4,317,0.51,JJ
midday,6,5,373,0.82,NN|RB|JJ
middle,6,118,45179,89.2,NN|JJ
might,5,672,277738,516.35,VB|NN
milestone,9,4,1075,0.71,NN
military,8,212,47865,41.24,JJ|NN
millennium,10,4,1811,4.29,NN
million,7,204,55862,120.49,minor|NN
mind,4,325,131156,484.61,NN|VB
mindful,7,5,335,0.49,JJ
mink,4,5,582,3.71,NN
mischief,8,5,830,2.1,NN
miss,4,258,30936,467.65,VB|NN
mission,7,78,28847,47.06,NN
mistrust,8,4,485,0.63,VB
misuse,6,5,2026,0.55,NN
moderator,9,4,10993,0.16,NN
modern,6,198,35406,18.24,JJ|NN
modesty,7,4,669,1.76,NN
modular,7,4,2006,0.16,JJ
mole,4,4,1536,8.06,NN
moll,4,5,386,0.39,NN
moment,6,246,43625,187.04,NN
money,5,265,209588,640.76,NN
month,5,130,76300,95.18,NN
monumental,10,5,668,1.06,JJ
moral,5,142,21254,13.51,JJ|NN
more,4,2216,1076711,1298.59,JJ|RB
morning,7,211,36262,439,NN
mosaic,6,4,15261,0.45,NN|JJ
most,4,1160,495365,350.76,RB|JJ
mother,6,216,42113,479.92,NN
mouth,5,103,34157,104.41,NN
move,4,171,80091,418.14,VB|NN
movement,8,128,30554,14.84,NN
much,4,937,483898,973.25,JJ|RB
murky,5,5,548,0.61,JJ
muse,4,4,1301,1.92,VB|NN
music,5,216,134404,151.65,NN
musical,7,85,14696,13.16,JJ|NN
must,4,1013,306094,699.24,VB
mustache,8,5,487,4.94,NN
myself,6,129,92699,342.55,minor|NN
mystical,8,5,2379,2.82,JJ
name,4,294,297695,641.86,NN|VB
nasty,5,5,14007,22.57,JJ|NN
nation,6,139,29567,20.49,NN
national,8,375,114548,38.16,JJ|NN
natural,7,156,45294,42.35,JJ|NN
nature,6,191,51563,45.16,NN
near,4,198,78062,83.1,minor|JJ|VB|RB
necessary,9,222,60899,45.98,JJ|NN
neck,4,81,14841,59.51,NN|VB
need,4,360,415850,1294.9,NN|VB
neither,7,141,37284,67.67,minor|NN
nemesis,7,4,1222,0.88,NN
never,5,698,303028,1362.55,RB|NN
next,4,394,188009,452.75,JJ|NN|RB|minor
night,5,411,97524,866.04,NN
nine,4,81,14715,67.47,minor|NN
none,4,108,90590,110.61,NN
normal,6,136,70982,70.37,JJ|RB
north,5,206,77220,63.88,NN|RB|JJ
nothing,7,412,160745,853.61,NN
nozzle,6,4,648,0.37,NN
nuclear,7,115,19479,18.98,JJ|NN
number,6,472,283001,240.94,NN|VB
obesity,7,5,1029,0.41,NN
objective,9,91,14818,7.04,NN|JJ
obsolete,8,5,4914,1.92,JJ|NN
obstruct,8,4,306,0.59,VB
obvious,7,92,37370,29.57,JJ
offend,6,4,2914,5.22,VB
offer,5,80,98441,74.71,NN|VB
office,6,255,88401,203.9,NN
officer,7,101,18922,103.24,NN
often,5,368,117801,57.35,RB
once,4,499,188862,344.88,RB|NN
onrush,6,4,6,NULL,NN
onslaught,9,4,826,0.33,NN
open,4,319,145040,320.41,JJ|VB|NN|RB
operation,9,113,28468,43.94,NN
opinion,7,96,68760,42,NN
opposite,8,81,16623,15.2,JJ|NN|minor
option,6,5,49982,14.43,NN|VB
order,5,376,193686,156.57,NN|VB
orient,6,4,1331,1.59,NN|JJ
original,8,103,126061,28.24,JJ|NN
ornament,8,4,557,1.14,NN
other,5,1702,897942,735.39,JJ|NN
otherwise,9,86,68136,41.55,RB|JJ|NN
otter,5,5,593,1.35,NN
outfielder,10,4,156,0.1,NN
outgrow,7,4,288,0.41,VB
outrage,7,4,1770,3.14,NN
outrun,6,4,468,1.94,VB
outside,7,210,68404,170.02,minor|NN|JJ|RB
over,4,1236,452595,1323.29,minor|RB|NN
overcoat,8,5,207,1.45,NN
overlap,7,4,2718,0.57,NN
overlook,8,4,1583,2.9,VB
overthrow,9,5,1667,1.35,VB
overture,8,5,744,1.29,NN
owing,5,4,1033,1.24,JJ|RB|NN|VB
pact,4,5,1366,3.76,NN
pagan,5,4,4605,1.35,JJ|NN
pail,4,4,496,0.94,NN
pain,4,88,36596,97.94,NN|VB
panorama,8,4,734,0.14,NN
paper,5,157,64005,103.35,NN|VB
park,4,94,46460,72.12,NN|VB
parody,6,4,3751,0.71,NN
parole,6,5,1236,10.45,NN|VB
part,4,500,249067,261.51,NN|VB
particular,10,179,74278,27.9,JJ|NN|RB
party,5,216,68745,233.14,NN|VB
pass,4,89,48574,108.12,VB|NN
past,4,281,89390,123.76,JJ|NN|RB
pastime,7,4,418,0.8,NN
pastry,6,4,659,1.92,NN
patient,7,86,14671,63.65,JJ
patron,6,4,1673,3.1,NN
pattern,7,113,19583,14.47,NN
pavilion,8,4,672,0.96,NN
peace,5,198,40408,69.61,NN
peck,4,5,1067,3.53,NN|VB
peddler,7,5,101,0.59,NN
pedestal,8,5,626,1.31,NN
people,6,847,768168,1102.98,NN|VB
percussion,10,4,2164,0.57,NN
perhaps,7,307,109435,136.06,RB
period,6,265,53751,27.78,NN
periodical,10,4,942,0.18,NN
person,6,175,167439,212.88,NN
personal,8,196,108044,91.67,JJ|NN
pest,4,4,1075,2.86,NN
philosophy,10,86,19790,8.27,NN
physical,8,138,44223,27.18,JJ|NN
pictorial,9,5,796,0.2,JJ
picture,7,162,46520,138.45,NN|VB
piece,5,129,46129,124.49,NN|VB
pilgrim,7,4,663,3.69,NN
pinpoint,8,5,851,1.8,VB
pirate,6,4,6292,7.35,NN
pitiful,7,4,1505,3.84,JJ
place,5,571,195199,602.67,NN|VB
plan,4,205,63172,145.73,NN|VB
plane,5,114,18677,95.53,NN|VB
plant,5,125,25225,27.61,NN|VB
platinum,8,4,3511,2.41,NN|JJ
plausible,9,4,2796,1.63,JJ
play,4,200,149546,354.53,VB|NN
playground,10,4,1360,5.1,NN
plumber,7,4,402,4.49,NN
plunge,6,5,1425,2.24,NN|VB
poet,4,99,3454,9.22,NN
poetry,6,88,8869,13.37,NN
point,5,395,256288,236.53,NN|VB
police,6,155,48000,236.16,NN|VB
policy,6,222,47846,27.02,NN
political,9,258,68811,21.86,JJ
pool,4,111,16200,46.98,NN|VB
poor,4,113,53482,129.08,JJ
popular,7,98,41161,23.08,JJ|NN
population,10,136,33381,9.1,NN
position,8,241,144944,72.08,NN|VB
possible,8,373,159908,114.04,JJ|RB|NN
post,4,84,275951,32.43,NN|VB|JJ
poster,6,4,24836,5.98,NN
postmaster,10,4,3959,0.33,NN
potter,6,4,1888,20.37,NN
power,5,342,187656,149.02,NN|VB
practice,8,94,44294,45.69,NN|VB
pragmatic,9,4,1181,0.59,JJ
preamble,8,4,1053,0.31,NN|VB
preclude,8,4,1284,0.29,VB
pregnancy,9,4,8664,6.55,NN
prelude,7,5,1405,0.59,NN
premiere,8,5,4070,3.71,NN
prescribe,9,5,1358,1.45,VB
present,7,377,65134,89.45,JJ|NN|RB
president,9,382,74841,140.67,NN
pressure,8,185,28433,53.12,NN|VB
pretense,8,6,693,0.86,NN
pretty,6,107,129994,392.22,RB|JJ
prevalent,9,5,1828,0.31,JJ
prevent,7,83,29122,13.06,VB
previous,8,86,68239,9.49,JJ
price,5,108,153716,53.37,NN|VB
priceless,9,5,916,4.16,JJ
primary,7,96,31286,8.71,JJ
primeval,8,5,271,0.29,JJ
principle,9,109,15244,7.75,NN
private,7,191,58427,75.96,JJ|NN|RB
problem,7,313,314595,330.06,NN
procedure,9,79,23392,16.14,NN
process,7,196,98998,27.98,NN|VB
procession,10,5,462,1.27,NN
proctor,7,4,855,0.55,NN
procure,7,4,561,0.47,VB
prodigious,10,4,183,0.45,JJ
produce,7,82,34576,11.06,VB
product,7,87,102292,14.75,NN
production,10,148,42061,12.65,NN
program,7,394,241495,42.63,NN|VB
progress,8,120,20169,21.25,NN
project,7,93,89569,37.39,NN
prominence,10,5,504,0.31,NN
pronoun,7,4,640,0.24,NN
propel,6,4,466,0.22,VB
proper,6,95,31703,25.27,JJ
property,8,156,33095,33.29,NN
prophet,7,5,5725,5.33,NN
proverb,7,5,1202,1.08,NN
provide,7,216,102813,17.41,VB|NN
providence,10,80,2672,2.65,NN
public,6,438,153537,71.08,JJ|NN|RB
pulp,4,5,4301,1.82,NN|VB
pulpit,6,4,371,0.61,NN
punch,5,5,9481,29.69,NN|VB
pungent,7,4,271,0.39,JJ
purpose,7,149,47091,35.08,NN
quality,7,114,78895,18.57,NN|JJ
quantum,7,5,16245,5.59,NN
question,8,257,184252,198.35,NN|VB
quieter,7,4,934,1.39,JJ
quite,5,281,155011,202.59,RB|JJ
quota,5,4,2987,1.86,NN
quotation,9,4,2534,0.35,NN
race,4,103,46405,61.9,NN|VB
racket,6,5,671,7.43,NN
radial,6,5,977,0.49,JJ|NN
radiation,9,97,7722,8.22,NN
radiator,8,4,1051,2.02,NN
radio,5,120,71946,77.18,NN|VB
raft,4,4,841,4.71,NN
rainbow,7,4,6749,7.98,NN
rampant,7,4,1739,0.96,JJ
range,5,160,58184,22.76,NN|VB
ransom,6,5,825,9.76,NN
rapport,7,4,745,0.63,NN
rate,4,209,87417,24.92,NN|VB
rather,6,373,146049,114.22,RB|minor
rationalism,11,4,220,NULL,NN
rattle,6,5,1234,3.37,NN|VB
reach,5,106,34160,56.92,VB|NN
reaction,8,124,16706,16.27,NN
read,4,173,289582,241.22,VB|NN
ready,5,143,43959,387.8,JJ|VB|RB
real,4,260,197763,442.8,JJ
reality,7,79,42961,30.25,NN
really,6,275,398246,1500.16,RB
realtor,7,5,268,1.8,NN
reason,6,241,133687,193.29,NN|VB
rebuff,6,4,76,0.08,NN|VB
rebuilt,7,4,2510,1.43,VB
receipt,7,4,6255,7.43,NN
recent,6,179,61027,13.12,JJ
recoil,6,5,1127,0.43,VB
reconcile,9,4,1178,1.14,VB
reconsider,10,4,1756,5.02,VB
record,6,137,61996,85.59,NN
rectangular,11,5,1421,0.43,JJ
recurrent,9,4,782,0.25,JJ
redemption,10,4,2620,2.2,NN
redundant,9,4,3338,1.45,JJ|NN
reed,4,5,6652,9.1,NN
refinement,10,5,750,0.53,NN
reflector,9,5,883,0.27,NN
reflex,6,4,1291,2.27,NN
regard,6,89,15551,7.35,NN|VB
regular,7,83,47458,33.86,JJ
rehearsal,9,4,1113,12.45,NN|JJ
reluctance,10,5,956,0.9,NN
remain,6,93,24587,33.22,VB
remember,8,138,142627,542.47,VB
reminiscent,11,4,1378,0.43,NN
repertory,9,5,134,0.31,NN
replenish,9,4,398,0.51,VB
report,6,174,90838,108,NN|VB
repository,10,4,3608,0.25,NN
reproducible,12,5,477,0.04,JJ
repudiation,11,4,144,0.1,NN
repulsive,9,4,748,2.02,JJ
require,7,86,46963,10.63,VB
research,8,171,126031,33.1,NN|VB
resistant,9,5,30959,0.9,JJ
resolute,8,4,165,0.61,JJ
respect,7,125,37713,71.45,NN|VB
rest,4,163,78610,212.96,NN|VB
result,6,244,66995,19.76,NN|VB
retort,6,4,514,0.25,NN|VB
retribution,11,4,1142,1.67,NN
return,6,180,83751,91.69,NN|VB
revise,6,5,2666,0.86,VB
ridicule,8,5,1800,1.96,NN|VB
rifleman,8,4,228,0.53,NN
right,5,613,388384,4008.39,NN|JJ|RB|VB
righteous,9,5,4143,3.92,JJ
ripple,6,5,829,1.51,NN|VB
rise,4,102,14753,27.43,NN|VB
road,4,197,66722,111.94,NN
roadside,8,4,485,1.02,NN
rocker,6,4,1240,1.25,NN
role,4,104,32941,18.22,NN
room,4,383,85138,439.51,NN|VB
rose,4,86,19326,53.02,VB|NN|JJ
round,5,81,47080,66.53,JJ|NN|VB
rover,5,4,1470,3.33,NN
rowdy,5,4,421,1.02,JJ
rubbish,7,4,7126,5.59,NN|VB
runway,6,4,1777,5.47,NN
rustle,6,4,190,1.14,NN|VB
said,4,1961,352357,1108.45,VB
sailor,6,5,6240,12.39,NN
salient,7,4,513,0.25,JJ
saliva,6,4,1137,2.65,NN
salutary,8,5,68,0.04,JJ
salvage,7,5,1877,4.12,NN|VB
same,4,686,401465,417.18,JJ
sandals,7,5,1995,1.73,NN
sandman,7,5,3062,2.43,NN
sanity,6,4,2946,2.73,NN
satin,5,5,1533,2.61,NN
savory,6,4,201,0.22,JJ|NN
scabbard,8,5,108,0.22,NN
scalp,5,4,1315,3.69,NN
scan,4,5,14016,9.41,NN|VB
scant,5,5,591,0.24,JJ
scarf,5,4,826,4.69,NN
scene,5,106,31918,74.65,NN
school,6,492,119951,333.12,NN|VB
science,7,131,99256,37.25,NN
scientific,10,86,32559,11.37,JJ
scoreboard,10,4,371,0.61,NN
scorn,5,4,983,1.16,NN|VB
Scotch,6,5,1422,14.75,NN|VB
scribe,6,4,795,0.25,NN
seashore,8,5,235,0.47,NN
season,6,105,37562,31.47,NN
second,6,373,150377,284.57,JJ|NN|RB|VB
secret,6,78,35327,109.51,JJ|NN
secretary,9,191,14898,33.22,NN
section,7,189,94926,27.33,NN|VB
security,8,91,62549,94.31,NN
seem,4,229,122295,139.82,VB
seen,4,279,160826,384.96,VB
seminar,7,4,5384,4.25,NN
sense,5,311,77530,131.8,NN|VB
separate,8,79,36232,21.71,JJ
serious,7,116,55817,148.35,JJ|NN
serve,5,107,27117,37.94,VB
service,7,315,171115,79.92,NN|VB
session,7,80,27845,13.29,NN
seven,5,113,22750,104.45,minor|NN
several,7,377,170923,38.78,JJ|RB
shabby,6,5,556,1.71,JJ
shall,5,267,60161,185.12,VB
shape,5,85,23161,30.24,NN|VB
share,5,98,57769,69.51,NN|VB
sheath,6,4,892,0.49,NN
sheik,5,4,439,1.51,NN
shine,5,5,3206,20.65,VB|NN
ship,4,83,51299,98.88,NN|VB
shiver,6,4,695,1.53,NN|VB
short,5,212,95521,85.63,JJ|NN|RB|VB
shot,4,112,42214,227.43,NN|VB
should,6,888,594293,1061.94,VB
shovel,6,5,1017,6.84,NN|VB
show,4,287,178842,488.35,VB|NN
showdown,8,4,1104,1.25,NN
shriek,6,5,358,0.63,NN|VB
shrink,6,5,4085,11.31,VB|NN
shudder,7,5,1770,1.12,VB
shutter,7,5,1732,1.45,NN|VB
side,4,380,112408,200.92,NN|VB|JJ
siding,6,5,563,1.33,NN|VB
sight,5,86,14322,45.31,NN|VB
sign,4,94,39389,133.27,NN|VB
silhouette,10,4,2156,0.57,NN
sill,4,4,439,0.45,NN
similar,7,157,103270,13.63,JJ
simmer,6,5,1121,1.71,VB
simple,6,161,84794,89.31,JJ|NN
simulate,8,4,2796,1.16,VB
since,5,628,320454,314.98,minor
sine,4,4,1153,0.18,NN
single,6,172,94811,72.08,JJ|NN|RB|VB
situation,9,196,59523,82.49,NN
size,4,138,107005,46.14,NN|VB
skip,4,5,8818,21.1,VB|NN
skyline,7,5,583,0.67,NN
slob,4,4,379,3.57,NN|VB
sludge,6,4,645,0.47,NN
smack,5,4,2232,9.51,RB
small,5,542,158742,124.96,JJ|NN
smash,5,4,2573,8.25,NN|VB
snatch,6,4,706,3.9,VB
social,6,380,58169,33.39,JJ|NN
society,7,237,78371,32.92,NN
sock,4,4,1146,8.98,NN|VB
solder,6,4,2486,0.04,VB
some,4,1617,1042740,1727.24,minor|NN
someone,7,94,255347,446.12,NN
something,9,450,331899,1500.16,NN
somewhat,8,127,31984,9.1,RB|NN
soon,4,199,90301,257.65,RB
sophomore,9,5,1020,2.86,NN
sort,4,164,78952,148.71,NN|VB
sound,5,204,122381,143.39,NN|VB|JJ
source,6,94,186065,28.18,NN|VB
south,5,240,66282,64.47,NN|RB|JJ
southern,8,137,23994,11.61,JJ|NN
soybean,7,5,309,0.49,NN
space,5,184,113076,66.06,NN|VB
sparkle,7,4,615,1.67,NN|VB
sparse,6,5,1313,0.22,JJ
speak,5,110,53714,187.18,VB|NN
special,7,250,105765,148.57,JJ|NN
specific,8,115,70494,17.8,JJ|NN
speed,5,83,91193,41.25,NN|VB
spent,5,104,33152,70.08,VB|JJ
spice,5,4,2561,5.29,NN|VB
spin,4,5,10683,14.63,VB|NN
spire,5,5,178,0.1,NN
spirit,6,182,40804,49.35,NN
splinter,8,4,548,1.47,NN|VB
spoke,5,87,12637,38.63,VB|NN
spread,6,83,22704,31.29,NN|VB|JJ
spring,6,127,26152,31.31,NN|VB
spruce,6,5,876,1.1,NN|VB
square,6,143,19004,31.76,NN|VB|JJ
squire,6,5,1681,3.08,NN
staccato,8,5,169,0.16,NN
staff,5,113,41035,32,NN|VB
stage,5,174,30645,45.57,NN|VB
stagnant,8,5,493,0.27,JJ
stale,5,4,1399,2.92,JJ
stalwart,8,4,155,0.43,JJ|NN
stampede,8,4,952,1.33,NN|VB
stand,5,148,48716,226.2,VB|NN
standard,8,110,108320,18.43,JJ|NN
starch,6,4,626,1.35,NN|VB
start,5,154,172475,340.1,VB|NN
state,5,808,199232,107.84,NN|VB
statement,9,141,55638,29.24,NN
station,7,105,38106,79.08,NN|VB
status,6,97,44083,14.71,NN
stay,4,113,49009,515.65,VB|NN
stead,5,5,676,1.06,NN
steal,5,5,11268,53.33,VB|NN
stealth,7,5,7315,2.78,NN
step,4,131,43956,118.67,NN|VB
stew,4,5,1556,6.43,NN|VB
still,5,782,363407,788.73,RB|JJ|NN|VB
sting,5,5,2919,7.02,NN|VB
stock,5,147,43376,25.49,NN|VB
stoop,5,4,770,2.45,NN|VB
stop,4,120,96586,707.27,VB|NN
story,5,153,96953,220.78,NN
straight,8,114,42466,122.43,JJ|NN
strange,7,84,32164,86.43,JJ|NN
street,6,244,76139,148.18,NN
strength,8,136,25721,36.92,NN
stress,6,107,12215,15.61,NN|VB
stripe,6,4,1760,1.45,NN
stroll,6,4,562,4.14,NN|VB
strong,6,202,69234,86.86,JJ|RB|NN
structure,9,91,29885,10.18,NN|VB
stucco,6,4,124,0.37,NN|VB
student,7,131,56461,43.04,NN
study,5,246,50899,49.04,NN|VB
stupor,6,4,260,0.37,NN
style,5,98,43235,30.08,NN
subject,7,161,135945,36.96,NN|JJ
subsidize,9,4,1038,0.31,VB
success,7,93,37069,27.25,NN
such,4,1303,371015,291.22,JJ|NN|minor
suck,4,5,13814,34.88,VB|NN
summer,6,134,34481,78.67,NN|JJ
sumptuous,9,4,175,0.31,JJ
sunburn,7,5,361,0.65,NN
sundry,6,5,587,0.25,JJ
supervise,9,5,1463,1.92,VB
supply,6,102,36137,18.67,NN|VB
support,7,180,248197,50.73,NN|VB
suppose,7,97,33112,125.8,VB
sure,4,264,260476,1099.82,JJ|RB|NN
surface,7,200,25649,18.24,NN|VB
surround,8,5,3286,3.06,VB|NN
surveyor,8,5,374,0.25,NN
swamp,5,5,5706,8.98,NN|VB
sway,4,5,1467,2.53,VB|NN
swivel,6,5,506,0.71,JJ|VB
symptom,7,5,2367,1.88,NN
synonymous,10,4,951,0.55,JJ
syrup,5,4,1916,5.1,NN
system,6,416,439448,91.51,NN
table,5,198,56081,105.63,NN|VB
tactic,6,4,3312,1.55,NN
take,4,611,330816,1891.04,VB|NN
talk,4,154,91547,855,VB|NN
tally,5,4,1108,3.49,NN|VB
tame,4,5,1305,2.73,JJ|VB
tang,4,4,2556,2.24,NN
tapestry,8,5,745,0.71,NN
tariff,6,5,1000,0.14,NN
taunt,5,4,803,0.63,NN|VB
tawny,5,4,128,0.65,JJ
teacher,7,80,16947,55.73,NN
team,4,83,108529,147.61,NN|VB
teaspoon,8,4,1546,0.47,NN
technical,9,120,97756,8.24,JJ
teddy,5,4,2632,15.9,NN
teenage,7,4,4035,6.86,JJ
telescope,9,4,3324,2.94,NN
tell,4,268,201112,1724.49,VB|NN
teller,6,4,1272,2.57,NN
template,8,5,6294,0.41,NN|VB
temples,7,4,1794,1.57,NN
temporal,8,5,3170,1.35,JJ|NN
tenable,7,4,114,0.06,JJ
tenacity,8,5,339,0.27,NN
tenant,6,5,744,3.04,NN
tensile,7,5,224,0.12,JJ
term,4,79,58014,17.45,NN|VB
terrific,8,5,3890,41.92,JJ
test,4,119,124267,84.08,NN|VB
textbook,8,4,2603,2.2,NN
than,4,1789,702491,738.8,minor
that,4,10595,5262331,14111.31,minor|NN
their,5,2670,844722,655.16,minor
them,4,1789,801560,1778.82,minor
then,4,1377,705900,1489.53,RB|JJ
theologian,10,5,296,0.27,NN
theory,6,129,48737,28.61,NN
there,5,2724,1313357,4348.12,minor|RB
therefore,9,205,58572,20.75,RB
these,5,1573,591805,904,minor|NN
thin,4,92,14257,20.18,JJ|RB|NN|VB
thing,5,333,243604,1088.67,NN
think,5,433,652944,2691.39,VB|NN
third,5,190,58366,74.53,JJ|NN|RB
thirst,6,4,1026,3.73,NN
this,4,5146,3251989,7978.73,minor|NN
those,5,850,415648,753.02,minor|NN
though,6,442,199366,181.94,minor|RB
thought,7,515,174954,808.47,VB|NN
thousand,8,97,16355,69.29,minor|NN
three,5,610,165169,542.24,minor|NN
thrift,6,5,617,0.43,NN
thrill,6,5,2569,8.41,NN|VB
throne,6,5,5951,8.65,NN
through,7,969,305803,549.53,minor|NN|JJ
throughout,10,141,28623,10.75,minor
thus,4,312,68926,12.31,RB|NN|JJ
tilt,4,5,2136,2.22,NN|VB
time,4,1599,788823,1958.63,NN|VB
timetable,9,4,795,1.61,NN|JJ|VB
timid,5,5,739,1.51,JJ
tireless,8,4,292,0.67,JJ
toad,4,4,1692,5.69,NN
today,5,284,103604,433.8,NN|RB
together,8,267,90238,383.39,RB|NN
told,4,413,104947,699.59,VB
tolerate,8,4,3816,6.94,VB
tomato,6,4,2137,5.9,NN
tone,4,78,14823,16.86,NN|VB
took,4,426,87271,342.24,VB|NN
topical,7,4,1487,0.51,JJ
torment,7,4,2703,2.73,NN
torque,6,5,3248,0.73,NN
torrent,7,4,335,0.41,NN
total,5,211,70437,37.65,JJ|NN|VB
touch,5,87,34803,147.73,NN|VB
toward,6,386,28152,22.92,minor
town,4,212,37149,247.92,NN
trade,5,143,76384,35.2,NN|VB
tradition,9,94,13864,13.67,NN
train,5,82,23376,95.06,NN|VB
trance,6,4,2322,5.25,NN
transcript,10,4,2471,13.82,NN
transverse,10,4,401,0.29,JJ
traverse,8,5,968,0.73,VB
treasure,8,4,4470,19.06,NN
treatment,9,127,25792,19.31,NN
trial,5,134,19700,49.37,NN
triangle,8,4,5436,4.27,NN
tribe,5,4,4484,6.37,NN
tribunal,8,5,2386,1.08,NN|JJ
trilogy,7,4,3639,0.63,NN
trip,4,81,28399,82.39,NN|VB
triple,6,5,6475,9.39,JJ|VB
trouble,7,134,49725,223.55,NN|VB
trout,5,4,1947,4.02,NN
truce,5,5,932,4.31,NN
truth,5,126,52771,192.18,NN
tubular,7,4,558,0.27,JJ
tucker,6,5,3303,7.18,NN
tuition,7,5,3629,4.04,NN
tulip,5,4,450,0.78,NN
tungsten,8,4,367,0.16,NN|JJ
turbulent,9,4,611,0.65,JJ
Turk,4,5,2342,3.02,NN
turn,4,233,89685,306.47,VB|NN
turpentine,10,4,122,0.92,NN
tussle,6,4,92,0.47,NN|VB
tutor,5,4,5385,4.61,NN|VB
twenty,6,80,10756,27.02,minor|NN
twilight,8,4,2616,3.06,NN
twister,7,4,6117,1.55,NN
type,4,200,157464,60.65,NN|VB
ulcer,5,5,398,2.57,NN
umber,5,4,69,0.27,JJ|NN
unafraid,8,4,103,0.51,JJ
unaided,7,4,164,0.08,JJ
unanimous,9,5,914,2.1,JJ
unarmed,7,4,1365,3.86,JJ
unborn,6,4,1415,2.27,JJ
unclean,7,4,601,1.27,JJ
uncover,7,4,941,1.92,VB
undefined,9,4,3621,0.2,JJ
under,5,707,250435,261.92,minor|RB|JJ
underfoot,9,4,197,0.35,RB
understand,10,137,107528,482.45,VB
undone,6,4,692,2.45,VB
unhealthy,9,4,1277,1.63,JJ
unifying,8,4,514,0.18,VB
union,5,182,30591,21.78,NN
unit,4,103,42634,36.18,NN
university,10,214,238281,23.59,NN
unless,6,101,97713,113.69,minor
unrest,6,5,1188,1.02,NN
unseen,6,5,2067,2.16,JJ
until,5,461,170311,302.47,minor
unworthy,8,5,772,1.9,JJ|NN
upon,4,495,78218,62.73,minor|NN
usual,5,96,28950,37.24,JJ|NN
vale,4,4,3937,1.47,NN
value,5,200,82888,21.51,NN|VB
variant,7,4,4827,0.18,NN|JJ
variety,7,85,30727,5.76,NN
various,7,201,88071,8.94,JJ|NN
vase,4,4,540,3.84,NN
velvet,6,4,2236,6.27,NN
venerable,9,5,657,0.27,JJ
verb,4,4,2101,1.06,NN
verify,6,5,9374,4.86,VB
verve,5,4,498,0.24,NN
very,4,796,587578,1241.25,RB|JJ
vest,4,4,1238,5.57,NN
veterinary,10,4,1964,0.69,JJ|NN
vicar,5,4,391,1.47,NN
view,4,186,75014,38.53,NN|VB
viewer,6,4,9597,1.53,NN
vigilance,9,4,428,0.51,NN
vile,4,5,2724,4.43,JJ|NN
vinyl,5,4,7178,1.24,NN
virile,6,4,152,0.65,JJ
virtual,7,5,31841,2.61,JJ|NN
visa,4,5,19037,4.24,NN
visit,5,109,43874,58.69,NN|VB
vitamin,7,5,3789,2.67,NN
vocation,8,3,473,0.82,NN
voice,5,226,81827,86.16,NN|VB
volatile,8,5,1404,1.16,JJ
volume,6,135,40289,6.94,NN
vulture,7,4,392,1.76,NN
wait,4,94,61759,830.25,VB|NN
wakeful,7,5,31,0.12,JJ
walk,4,100,33093,215.86,NN|VB
wall,4,160,91869,70.69,NN|VB
want,4,329,508123,2759.18,VB|NN
warden,6,4,688,11.24,NN
warehouse,9,4,4496,9.98,NN
warlike,7,5,178,0.27,JJ|RB
warrior,7,5,10894,10.12,NN
watch,5,81,56974,330.02,VB|NN
water,5,442,105961,225.06,NN|VB
wavelength,10,4,1392,0.63,NN
weave,5,4,1125,2.06,VB|NN
wedge,5,4,2101,2.33,NN|VB
week,4,275,109477,238.51,NN
weigh,5,4,4150,7.12,VB
weld,4,4,1230,0.63,VB
well,4,897,552532,2990.65,RB|minor|JJ|NN|VB
Welsh,5,4,3305,1.18,NN|JJ|VB
went,4,507,115581,411.51,VB
were,4,3284,663883,1662.82,VB
west,4,235,62838,60.55,NN|JJ|RB
western,7,137,38452,13.31,JJ|NN
wharf,5,4,492,1.27,NN
what,4,1908,1325779,9842.45,minor
when,4,2331,944467,2034.1,minor
where,5,938,454613,1830.22,minor
whether,7,286,112151,67.14,minor
which,5,3562,980925,477.24,minor
while,5,680,284228,349.43,minor|NN|VB|JJ
whine,5,4,3757,1.63,NN|VB
whistle,7,4,2672,15.45,NN
white,5,365,149742,171.45,JJ|NN
whole,5,309,120697,385.49,JJ|NN
whom,4,146,28333,35.2,minor
wick,4,4,559,2.51,NN
wide,4,125,63297,23.8,JJ|RB|NN
wife,4,228,38746,348.92,NN
will,4,2244,1706009,2123.65,VB|NN
window,6,119,54926,86,NN
winter,6,83,23910,26.22,NN|VB
wish,4,110,74280,235.12,VB|NN
witch,5,5,8139,27.65,NN
with,4,7289,3184846,5048.33,minor|JJ
within,6,359,120308,59.16,minor|NN
without,7,583,254348,354.65,minor|NN|RB
women,5,195,111268,195.65,NN
woodwork,8,5,464,0.84,NN|VB
word,4,274,138155,235.55,NN
work,4,760,451298,798.02,NN|VB
world,5,787,295523,455.22,NN
worm,4,4,4110,10.12,NN|VB
worth,5,94,81429,109.2,JJ|NN|RB|minor
would,5,2714,1278502,1767.88,VB
wrap,4,5,5973,17.8,VB|NN
write,5,106,132648,126.8,VB
wrong,5,129,138848,523.1,JJ|NN|RB|VB
wrote,5,181,1028146,71.16,VB
yacht,5,4,1006,8.22,NN
year,4,660,246566,277.92,NN
yesterday,9,83,21313,96.76,NN|RB
young,5,385,66849,243.18,JJ|NN
your,4,923,1711893,6445.39,minor
youth,5,82,14084,16.82,NN
zealous,7,4,367,0.29,JJ
